{"301":{"MP":29},"302":{"leroy":3,"MP":30},"6210":{"MP":105},"7245-К-10":{"leroy":20,"MP":135},"7245-К-10-30":{"leroy":18,"MP":68},"7260-К-8":{"leroy":20,"MP":137},"7260-К-8-24":{"leroy":20,"MP":91},"7262-КП":{"leroy":10,"MP":87},"7280-К-6":{"leroy":5,"MP":19},"7280-К-6-18":{"leroy":5,"MP":85},"8210":{"MP":20},"8211":{"MP":20},"8212":{"MP":20},"8910-30":{"leroy":30,"MP":124},"1840-30":{"MP":135},"1940-10":{"MP":144},"82400-К":{"leroy":11,"MP":120},"82400-Ч":{"leroy":10,"MP":294},"82401-З":{"leroy":1,"MP":44},"82401-К":{"leroy":4,"MP":56},"82401-Ч":{"leroy":10,"MP":159},"82402-З":{"leroy":6,"MP":87},"82402-К":{"leroy":4,"MP":61},"82402-Ч":{"leroy":8,"MP":89},"85400-Ч":{"MP":42}}