<?xml version="1.0" encoding="UTF-8"?>
<ORDERS>
	<ORDER DocID="160846174" SourceFile="orders_1731692_20240415_080434.xml">
		<BuyerGLN>4607977269995</BuyerGLN>
		<SupplierGLN>4607191624679</SupplierGLN>
		<DeliveryPointGLN>4607977269995</DeliveryPointGLN>
		<SenderCode />
		<ReceiverCode />
		<Format>XML</Format>
		<DocumentNumber>1731692</DocumentNumber>
		<DocumentDate>20240415</DocumentDate>
		<DeliveryDate>20240419</DeliveryDate>
		<DeliveryTime>000000</DeliveryTime>
		<Currency>RUB</Currency>
		<Options>
			<DocHeadOptions>
				<DocOption>
					<Name>ORDERS</Name>
					<DocOption>
						<Name>TYPE</Name>
						<Value>2</Value>
					</DocOption>
				</DocOption>
			</DocHeadOptions>
		</Options>

		<OrderDetail>
			<EAN>4673728485860</EAN>
			<SenderPrdCode>7262-КП</SenderPrdCode>
			<ReceiverPrdCode>7262-КП</ReceiverPrdCode>
			<ProductName>Анмакс Решетка водоприемная DN100 ячеистая стальная оцинкованная 1000x136 мм, ANM.501</ProductName>
			<UOM>PCE</UOM>
			<QTY>1.0000</QTY>
		</OrderDetail>

		<OrderDetail>
			<EAN>4673728485044</EAN>
			<SenderPrdCode>82400-Ч</SenderPrdCode>
			<ReceiverPrdCode>82400-Ч</ReceiverPrdCode>
			<ProductName>Анмакс Решетка водоприемная DN100 ячеистая стальная оцинкованная 1000x136 мм, ANM.501</ProductName>
			<UOM>PCE</UOM>
			<QTY>1.0000</QTY>
		</OrderDetail>


		<OrderDetail>
			<EAN>4673728485051</EAN>
			<SenderPrdCode>82400-К</SenderPrdCode>
			<ReceiverPrdCode>82400-К</ReceiverPrdCode>
			<ProductName>Анмакс Решетка водоприемная DN100 ячеистая стальная оцинкованная 1000x136 мм, ANM.501</ProductName>
			<UOM>PCE</UOM>
			<QTY>1.0000</QTY>
		</OrderDetail>


		<OrderDetail>
			<EAN>4673728485068</EAN>
			<SenderPrdCode>82400-З</SenderPrdCode>
			<ReceiverPrdCode>82400-З</ReceiverPrdCode>
			<ProductName>Анмакс Решетка водоприемная DN100 ячеистая стальная оцинкованная 1000x136 мм, ANM.501</ProductName>
			<UOM>PCE</UOM>
			<QTY>1.0000</QTY>
		</OrderDetail>


		<OrderDetail>
			<EAN>4673728485105</EAN>
			<SenderPrdCode>82402-Ч</SenderPrdCode>
			<ReceiverPrdCode>82402-Ч</ReceiverPrdCode>
			<ProductName>Анмакс Решетка водоприемная DN100 ячеистая стальная оцинкованная 1000x136 мм, ANM.501</ProductName>
			<UOM>PCE</UOM>
			<QTY>1.0000</QTY>
		</OrderDetail>


		<OrderDetail>
			<EAN>4673728485112</EAN>
			<SenderPrdCode>82402-К</SenderPrdCode>
			<ReceiverPrdCode>82402-К</ReceiverPrdCode>
			<ProductName>Анмакс Решетка водоприемная DN100 ячеистая стальная оцинкованная 1000x136 мм, ANM.501</ProductName>
			<UOM>PCE</UOM>
			<QTY>1.0000</QTY>
		</OrderDetail>
		
		
				<OrderDetail>
			<EAN>4673728485129</EAN>
			<SenderPrdCode>82402-З</SenderPrdCode>
			<ReceiverPrdCode>82402-З</ReceiverPrdCode>
			<ProductName>Анмакс Решетка водоприемная DN100 ячеистая стальная оцинкованная 1000x136 мм, ANM.501</ProductName>
			<UOM>PCE</UOM>
			<QTY>1.0000</QTY>
		</OrderDetail>
		
	





		<OrderDetail>
			<EAN>4673728485136</EAN>
			<SenderPrdCode>1940</SenderPrdCode>
			<ReceiverPrdCode>1940</ReceiverPrdCode>
			<ProductName>Анмакс Решетка водоприемная DN100 ячеистая стальная оцинкованная 1000x136 мм, ANM.501</ProductName>
			<UOM>PCE</UOM>
			<QTY>1.0000</QTY>
		</OrderDetail>


		<OrderDetail>
			<EAN>4673728485037</EAN>
			<SenderPrdCode>1840</SenderPrdCode>
			<ReceiverPrdCode>1840</ReceiverPrdCode>
			<ProductName>Анмакс Решетка водоприемная DN100 ячеистая стальная оцинкованная 1000x136 мм, ANM.501</ProductName>
			<UOM>PCE</UOM>
			<QTY>1.0000</QTY>
		</OrderDetail>
		
		
		<OrderDetail>
			<EAN>4673728485143</EAN>
			<SenderPrdCode>7245</SenderPrdCode>
			<ReceiverPrdCode>7245</ReceiverPrdCode>
			<ProductName>Анмакс Решетка водоприемная DN100 ячеистая стальная оцинкованная 1000x136 мм, ANM.501</ProductName>
			<UOM>PCE</UOM>
			<QTY>1.0000</QTY>
		</OrderDetail>
		
		<OrderDetail>
			<EAN>4673728485150</EAN>
			<SenderPrdCode>7260</SenderPrdCode>
			<ReceiverPrdCode>7260</ReceiverPrdCode>
			<ProductName>Анмакс Решетка водоприемная DN100 ячеистая стальная оцинкованная 1000x136 мм, ANM.501</ProductName>
			<UOM>PCE</UOM>
			<QTY>1.0000</QTY>
		</OrderDetail>
				<OrderDetail>
			<EAN>4673728485167</EAN>
			<SenderPrdCode>7280</SenderPrdCode>
			<ReceiverPrdCode>7280</ReceiverPrdCode>
			<ProductName>Анмакс Решетка водоприемная DN100 ячеистая стальная оцинкованная 1000x136 мм, ANM.501</ProductName>
			<UOM>PCE</UOM>
			<QTY>1.0000</QTY>
		</OrderDetail>
		











		
		<OrderDetail>
			<EAN>4673728485006</EAN>
			<SenderPrdCode>8210</SenderPrdCode>
			<ReceiverPrdCode>8210</ReceiverPrdCode>
			<ProductName>Анмакс Решетка водоприемная DN100 ячеистая стальная оцинкованная 1000x136 мм, ANM.501</ProductName>
			<UOM>PCE</UOM>
			<QTY>1.0000</QTY>
		</OrderDetail>
		
		<OrderDetail>
			<EAN>4673728485013</EAN>
			<SenderPrdCode>8211</SenderPrdCode>
			<ReceiverPrdCode>8211</ReceiverPrdCode>
			<ProductName>Анмакс Решетка водоприемная DN100 ячеистая стальная оцинкованная 1000x136 мм, ANM.501</ProductName>
			<UOM>PCE</UOM>
			<QTY>1.0000</QTY>
		</OrderDetail>
				<OrderDetail>
			<EAN>4673728485020</EAN>
			<SenderPrdCode>8212</SenderPrdCode>
			<ReceiverPrdCode>8212</ReceiverPrdCode>
			<ProductName>Анмакс Решетка водоприемная DN100 ячеистая стальная оцинкованная 1000x136 мм, ANM.501</ProductName>
			<UOM>PCE</UOM>
			<QTY>1.0000</QTY>
		</OrderDetail>
		
		
		
		
		
<OrderDetail>
			<EAN>4673728485174</EAN>
			<SenderPrdCode>8910</SenderPrdCode>
			<ReceiverPrdCode>8910</ReceiverPrdCode>
			<ProductName>Анмакс Решетка водоприемная DN100 ячеистая стальная оцинкованная 1000x136 мм, ANM.501</ProductName>
			<UOM>PCE</UOM>
			<QTY>1.0000</QTY>
		</OrderDetail>
		
		
		
		
		
		
		
		
		
		
		
	
		
	</ORDER>
</ORDERS>