<?xml version="1.0" encoding="UTF-8"?>
<ORDERS>
	<ORDER DocID="160846174" SourceFile="orders_1731692_20240415_080434.xml">
		<BuyerGLN>4607977269995</BuyerGLN>
		<SupplierGLN>4607191624679</SupplierGLN>
		<DeliveryPointGLN>4607977269995</DeliveryPointGLN>
		<SenderCode />
		<ReceiverCode />
		<Format>XML</Format>
		<DocumentNumber>1731692</DocumentNumber>
		<DocumentDate>20240415</DocumentDate>
		<DeliveryDate>20240419</DeliveryDate>
		<DeliveryTime>000000</DeliveryTime>
		<Currency>RUB</Currency>
		<Options>
			<DocHeadOptions>
				<DocOption>
					<Name>ORDERS</Name>
					<DocOption>
						<Name>TYPE</Name>
						<Value>2</Value>
					</DocOption>
				</DocOption>
			</DocHeadOptions>
		</Options>
		<OrderDetail>
			<EAN>4673728485006</EAN>
			<SenderPrdCode>8210</SenderPrdCode>
			<ReceiverPrdCode>8210</ReceiverPrdCode>
			<ProductName>Анмакс Пластиковый садовый бордюр ANMAKS Кантри черный, длина 10000 мм, высота 110 мм, арт. 82401-Ч</ProductName>
			<UOM>PCE</UOM>
			<QTY>1.0000</QTY>
		</OrderDetail>
		<OrderDetail>
			<EAN>4673728485020</EAN>
			<SenderPrdCode>8212</SenderPrdCode>
			<ReceiverPrdCode>8212</ReceiverPrdCode>
			<ProductName>Анмакс Бордюр тротуарный ANMAKS пластиковый, длина 3000 мм, высота 80 мм, арт. 8212</ProductName>
			<UOM>PCE</UOM>
			<QTY>1.0000</QTY>
		</OrderDetail>
		<OrderDetail>
			<EAN>4673728485013</EAN>
			<SenderPrdCode>8211</SenderPrdCode>
			<ReceiverPrdCode>8211</ReceiverPrdCode>
			<ProductName>Анмакс Решетка водоприемная DN100 ячеистая стальная оцинкованная 1000x136 мм, ANM.501</ProductName>
			<UOM>PCE</UOM>
			<QTY>1.0000</QTY>
		</OrderDetail>

	</ORDER>
</ORDERS>