﻿;Кампания по продвижению товаров № 10685770, период 01.09.2024-30.09.2024
sku;Название товара;Цена товара, ₽;Показы;Клики;CTR (%);В корзину;Ср. цена клика, ₽;Расход, ₽, с НДС;Заказы;Выручка, ₽;Заказы модели;Выручка с заказов модели, ₽
1431573364;Пластиковый садовый бордюр H-45 мм, длина 10 метров + 30 колышков;2586,00;11817;338;2,86;17;14,03;4742,28;1;2900,00;0;0,00
1444026900;Пластиковый садовый бордюр H-60мм 8шт в комплекте с якорями 24 штуки;2274,00;3596;89;2,47;5;14,59;1298,68;0;0,00;2;5100,00
1444110071;Пластиковый садовый бордюр H-80мм 6 метров+18 колышков;2232,00;14410;607;4,21;15;13,42;8148,12;5;12350,00;1;2550,00
Всего;;;29823;1034;3,47;37;13,72;14189,09;6;15250,00;3;7650,00
