﻿;Кампания по продвижению товаров № 10766417, период 01.09.2024-30.09.2024
sku;Название товара;Цена товара, ₽;Показы;Клики;CTR (%);В корзину;Ср. цена клика, ₽;Расход, ₽, с НДС;Заказы;Выручка, ₽;Заказы модели;Выручка с заказов модели, ₽
1444026900;Пластиковый садовый бордюр H-60мм 8шт в комплекте с якорями 24 штуки;2274,00;41795;934;2,23;33;12,09;11288,99;18;46600,00;12;31836,00
1444110071;Пластиковый садовый бордюр H-80мм 6 метров+18 колышков;2232,00;145794;3891;2,67;56;7,44;28953,62;32;76571,00;19;46950,00
Корректировка;;;;;;;;-12,45
Всего;;;187589;4825;2,57;89;8,34;40230,16;50;123171,00;31;78786,00
