﻿;Кампания по продвижению товаров № 10766509, период 01.09.2024-30.09.2024
sku;Название товара;Цена товара, ₽;Показы;Клики;CTR (%);В корзину;Ср. цена клика, ₽;Расход, ₽, с НДС;Заказы;Выручка, ₽;Заказы модели;Выручка с заказов модели, ₽
1482911936;Стальной крепежный якорь для бордюрной ленты (10 шт);610,00;39496;616;1,56;20;5,27;3243,82;33;23335,00;0;0,00
1552155102;Пластиковый якорь для крепления бордюра Кантри, 30 штук;707,00;38689;762;1,97;36;5,36;4081,48;33;25966,00;0;0,00
1646673168;Якорь крепежный пластиковый для бордюра Контур;795,00;83306;1715;2,06;39;4,72;8103,35;37;28917,00;4;8720,00
Корректировка;;;;;;;;-15,90
Всего;;;161491;3093;1,92;95;4,98;15412,75;103;78218,00;4;8720,00
