﻿;Кампания по продвижению товаров № 10839960, период 01.09.2024-30.09.2024
sku;Название товара;Цена товара, ₽;Показы;Клики;CTR (%);В корзину;Ср. цена клика, ₽;Расход, ₽, с НДС;Заказы;Выручка, ₽;Заказы модели;Выручка с заказов модели, ₽
1454516839;Пластиковый садовый бордюр H-45мм 10шт (без якорей);2356,00;7103;256;3,60;17;6,07;1554,84;5;12401,00;0;0,00
1454522504;Пластиковый садовый бордюр H-60мм 8шт без якорей;2510,00;5592;238;4,26;10;6,19;1473,23;12;26296,00;0;0,00
1454525598;Пластиковый садовый бордюр H-80мм 6шт (без якорей);1972,00;29951;1867;6,23;67;5,90;11006,95;43;93742,00;23;46012,00
Всего;;;42646;2361;5,54;94;5,94;14035,02;60;132439,00;23;46012,00
