﻿;Кампания по продвижению товаров № 11233615, период 01.09.2024-30.09.2024
sku;Название товара;Цена товара, ₽;Показы;Клики;CTR (%);В корзину;Ср. цена клика, ₽;Расход, ₽, с НДС;Заказы;Выручка, ₽;Заказы модели;Выручка с заказов модели, ₽
1422962990;ANMAKS Бордюр садовый;970,00;5110;300;5,87;13;6,47;1940,84;8;7200,00;6;6420,00
1423022757;Пластиковый садовый бордюр Кантри черный, длина 10 м, высота 80 мм;820,00;5896;542;9,19;34;5,82;3152,39;21;17296,00;0;0,00
Всего;;;11006;842;7,65;47;6,05;5093,23;29;24496,00;6;6420,00
