﻿;Кампания по продвижению товаров № 8881478, период 01.09.2024-30.09.2024
sku;Название товара;Цена товара, ₽;Показы;Клики;CTR (%);В корзину;Ср. цена клика, ₽;Расход, ₽, с НДС;Заказы;Выручка, ₽;Заказы модели;Выручка с заказов модели, ₽
1423015687;ANMAKS Бордюр садовый;1099,00;31523;823;2,61;32;4,23;3477,45;12;12840,00;4;3366,00
1698235656;ANMAKS Бордюр садовый;1050,00;8287;279;3,37;14;8,17;2279,84;4;3890,00;5;4750,00
1698240274;ANMAKS Бордюр садовый;711,00;44362;1525;3,44;59;4,21;6422,76;45;36104,00;0;0,00
Корректировка;;;;;;;;-3,29
Всего;;;84172;2627;3,12;105;4,64;12176,76;61;52834,00;9;8116,00
